{
	"movies": [
		{
			"Title": "Soul",
			"Director": "Pete Docter",
			"Rating": "PG",
			"Year": "2020"
		},
		{
			"Title": "Inside Out",
			"Director": "Pete Docter",
			"Rating": "PG",
			"Year": "2015"
		},
		{
			"Title": "The Shawshank Redemption",
			"Director": "Frank Darabont",
			"Rating": "R",
			"Year": "1994"
		},
		{
			"Title": "Oppenheimer",
			"Director": "Christopher Nolan",
			"Rating": "R",
			"Year": "2023"
		},
		{
			"Title": "Interstellar",
			"Director": "Christopher Nolan",
			"Rating": "PG-13",
			"Year": "2014"
		},
		{
			"Title": "Nomadland",
			"Director": "Chloé Zhao",
			"Rating": "R",
			"Year": "2020"
		}
	]
}